name,value
Cc,3.2303661993744366
Ibias1,2.95898460296833e-05
Ibias2,1.4300836043257158e-05
L1,1.238291880307446
L3,1.4862166556310874
L5,1.6582579071760783
L6,0.32480769640820356
L7,0.8243571046524973
Lbn1,1.5924211919091107
Lbn2,1.056990488668073
Lbp,1.197035415098829
Rc,10968.053807680419
W1,5.012384350785684
W3,88.14265823454176
W5,28.871849166670916
W6,48.938808689058206
W7,49.94087942677321
Wbn1,44.35826993537458
Wbn2,11.193556413194738
Wbp,86.34137199785634
