name,value
Cc,1.996292070489841
Ibias,7.056737061092891e-05
L1,0.6618403270494593
L3,0.6519438220275695
L5,1.7212918589382271
L6,1.0346516360647342
L7,0.15462588795886498
Lbn,1.8734640800096478
Lbp,1.5702769106926966
Rc,42589.95649116953
W1,6.825714797330762
W3,4.3626487680412875
W5,14.700410727724929
W6,35.313819826559524
W7,8.029558500742233
Wbn,87.5722114010878
Wbp,73.12698881603117
