name,value
Cc,12.89246231315329
Ibias,1.1442498156014208e-05
L1,0.9499744372925291
L3,0.7945223449052868
L5,2.2938375584962447
L6,0.5167326346243848
L7,0.20172788345952386
Lbn,0.9124676922571409
Lbp,2.0562204843324983
Rc,9638.797260743919
W1,15.275889612311241
W3,28.497112828829664
W5,36.163212214781666
W6,53.577255046414955
W7,48.108557890647575
Wbn,14.282411558169839
Wbp,38.58804920682961
