name,value
Cc,6.015667
Ibias,2.36352e-05
L1,2.553702
L3,1.238927
L5,1.682791
L6,0.573628
L7,0.6868809
Lbn,2.011033
Lbp,3.746806
Rc,11854.42
W1,18.55411
W3,21.77855
W5,7.879019
W6,54.62777
W7,16.95163
Wbn,15.90997
Wbp,22.27934
