name,value
Cc,0.5165090450918437
Ibias,6.3202247275981066e-06
L1,0.9929695500450733
L3,0.63808590496774
L5,3.3358435944724163
L6,0.188544753958341
L7,0.30758912629251767
Lbn,3.3698469166610887
Lbp,2.7792546753150402
Rc,28446.489594549665
W1,19.314159672073554
W3,27.717426768882394
W5,5.667148278083672
W6,61.36456782723178
W7,62.62003136936997
Wbn,12.27510905859446
Wbp,63.31587227096466
