name,value
Cc,1.0266109425370118
Ibias,2.467995975077616e-05
L1,0.8340163088717366
L3,4.719404956342448
L5,3.077783310160764
L6,0.9254169174586135
L7,3.9706640000867695
Lbn,2.030348353852573
Lbp,2.116053539635377
Rc,4223.346034219657
W1,84.93344400217681
W3,3.5892994177835273
W5,20.00592355750959
W6,13.239707543162567
W7,31.405341874526265
Wbn,71.55358150338039
Wbp,24.03079677841859
