name,value
Cc,2.460158
Ibias,3.057128e-05
L1,2.516003
L3,1.197495
L5,0.9731237
L6,0.5291837
L7,2.721271
Lbn,1.225218
Lbp,0.731803
Rc,9679.758
W1,8.758748
W3,20.37093
W5,6.608636
W6,46.0995
W7,43.78965
Wbn,12.38584
Wbp,6.662561
