name,value
Cc,41.757003227086756
Ibias,5.5235975636871255e-06
L1,0.6214241292793046
L3,1.4048550391559853
L5,4.288224928594634
L6,0.9225618338275683
L7,1.1997241989633909
Lbn,1.3172492709916883
Lbp,2.08967053356138
Rc,38541.154052153135
W1,26.390565396328665
W3,24.717362360357384
W5,19.516234295403937
W6,50.04562298108147
W7,10.700752461685159
Wbn,1.722071135654194
Wbp,60.57546457266927
