name,value
Cc,1.4870552438079432
Ibias,8.437352201439357e-05
L1,0.9877244519321656
L3,1.619013348782814
L5,0.95811817527017
L6,0.6271816568415439
L7,0.25897801874145104
Lbn,1.4466473975792298
Lbp,1.4533351848995986
Lc,1.1766022353229526
Rc,1300.8872266265225
W1,8.295101978901918
W3,6.65092254093383
W5,3.852295840787086
W6,31.861728662154288
W7,17.46752051416066
Wbn,24.478259390186746
Wbp,4.450252253836632
Wc,43.14322354155372
