name,value
Cc,4.666438318258835
Ibias,9.994908928225167e-06
L1,1.581460082846346
L3,0.7584988025913545
L5,6.136897796674807
L6,0.2271294623935909
L7,0.6024717596860268
Lbn,1.2707119177958432
Lbp,0.8751213437062734
Rc,11819.031100938728
W1,25.694791499854123
W3,27.045780070413894
W5,37.11073880050474
W6,22.03615914749874
W7,62.66244487173147
Wbn,11.3338149287469
Wbp,28.995138011623094
