name,value
Cc,21.706014008685226
Ibias,1.971456688622028e-05
L1,5.857301456262782
L3,0.9849995209488203
L5,3.4746625978231367
L6,0.42870893598995435
L7,4.1336909653590075
Lbn,2.931300497785754
Lbp,6.056733206416931
Rc,18015.568350189365
W1,16.523349841326578
W3,14.702552969029334
W5,14.354938820577173
W6,27.035655460049032
W7,65.7708645601801
Wbn,23.56450044666843
Wbp,65.4016316267662
