name,value
Cc,13.80395491777326
Ibias,1.663541214549697e-05
L1,3.9698758879238474
L3,1.2517036216277015
L5,3.8225947583981084
L6,0.3546170478947283
L7,5.064009771363463
Lbn,1.9550578324771295
Lbp,4.580222017824639
Rc,18048.250437445044
W1,15.149978746286017
W3,36.0577404843563
W5,8.194895199966966
W6,16.115634351342926
W7,24.41385175930609
Wbn,6.339248228938044
Wbp,6.7954100776829485
