name,value
Cc,20.303466160762206
Ibias,3.125213679781978e-05
L1,2.7061838576984782
L3,1.1190361145919532
L5,1.9823360441171483
L6,0.31635765492159074
L7,4.094459246508341
Lbn,4.553129819069363
Lbp,0.9842626955989088
Rc,21495.308193240184
W1,13.365488365938816
W3,56.78238054033793
W5,12.729450784692602
W6,19.150734537655346
W7,43.01874391634796
Wbn,67.79632425491519
Wbp,14.448562692615662
