name,value
Cc,7.291670884790603
Ibias,6.383709666294593e-06
L1,2.0176896214697226
L3,0.6250627662056202
L5,4.276471471306045
L6,0.39792672312256533
L7,3.0348262110079327
Lbn,2.3095681712003056
Lbp,4.327522419935989
Rc,6563.954924639202
W1,52.48570696073082
W3,18.723670388131872
W5,34.6889058836594
W6,27.01320139433211
W7,38.83534259917872
Wbn,5.359274655769836
Wbp,33.288366085463494
