{
  "measurements": {
    "Doing analysis at TEMP": 27.0,
    "RESULT_POWER_UW": 317.524,
    "dc_gain_db": 75.1398,
    "RESULT_DC_GAIN_DB": 75.1398,
    "gbw_hz": 15111500.0,
    "RESULT_GBW_HZ": 15111500.0,
    "cm_gain_db": -0.391395,
    "RESULT_CMRR_DB": 75.5312,
    "vout_max": 1.78571,
    "vout_min": 2.19227e-09,
    "RESULT_OUTPUT_SWING_V": 1.78571,
    "RESULT_PHASE_MARGIN_DEG": 116.6774316320928
  },
  "score": 1.0,
  "details": {
    "dc_gain_db": {
      "measured": 75.1398,
      "target": ">60",
      "met": true,
      "score": 1.0,
      "unit": "dB"
    },
    "gbw_hz": {
      "measured": 15111500.0,
      "target": ">5e6",
      "met": true,
      "score": 1.0,
      "unit": "Hz"
    },
    "phase_margin_deg": {
      "measured": 116.6774316320928,
      "target": ">60",
      "met": true,
      "score": 1.0,
      "unit": "deg"
    },
    "power_uw": {
      "measured": 317.524,
      "target": "<1000",
      "met": true,
      "score": 1.0,
      "unit": "uW"
    },
    "output_swing_v": {
      "measured": 1.78571,
      "target": ">1.2",
      "met": true,
      "score": 1.0,
      "unit": "V"
    },
    "cmrr_db": {
      "measured": 75.5312,
      "target": ">60",
      "met": true,
      "score": 1.0,
      "unit": "dB"
    }
  },
  "parameters": {
    "Cc": 3.2303661993744366,
    "Ibias1": 2.95898460296833e-05,
    "Ibias2": 1.4300836043257158e-05,
    "L1": 1.238291880307446,
    "L3": 1.4862166556310874,
    "L5": 1.6582579071760783,
    "L6": 0.32480769640820356,
    "L7": 0.8243571046524973,
    "Lbn1": 1.5924211919091107,
    "Lbn2": 1.056990488668073,
    "Lbp": 1.197035415098829,
    "Rc": 10968.053807680419,
    "W1": 5.012384350785684,
    "W3": 88.14265823454176,
    "W5": 28.871849166670916,
    "W6": 48.938808689058206,
    "W7": 49.94087942677321,
    "Wbn1": 44.35826993537458,
    "Wbn2": 11.193556413194738,
    "Wbp": 86.34137199785634
  },
  "de_result": {
    "converged": true,
    "iterations": 48,
    "diversity": 0.15247307246477626,
    "stop_reason": "stagnated (div=0.1525, no_improve=30)",
    "best_metric": -6.408612554403093
  }
}