{
  "measurements": {
    "Doing analysis at TEMP": 27.0,
    "RESULT_POWER_UW": 169.987,
    "dc_gain_db": 78.9097,
    "RESULT_DC_GAIN_DB": 78.9096,
    "gbw_hz": 11206200.0,
    "RESULT_GBW_HZ": 11206200.0,
    "cm_gain_db": -5.59889,
    "RESULT_CMRR_DB": 84.5085,
    "vout_max": 1.79062,
    "vout_min": 6.99173e-09,
    "RESULT_OUTPUT_SWING_V": 1.79062,
    "RESULT_PHASE_MARGIN_DEG": 110.50959713304798
  },
  "score": 1.0,
  "details": {
    "dc_gain_db": {
      "measured": 78.9096,
      "target": ">60",
      "met": true,
      "score": 1.0,
      "unit": "dB"
    },
    "gbw_hz": {
      "measured": 11206200.0,
      "target": ">5e6",
      "met": true,
      "score": 1.0,
      "unit": "Hz"
    },
    "phase_margin_deg": {
      "measured": 110.50959713304798,
      "target": ">60",
      "met": true,
      "score": 1.0,
      "unit": "deg"
    },
    "power_uw": {
      "measured": 169.987,
      "target": "<1000",
      "met": true,
      "score": 1.0,
      "unit": "uW"
    },
    "output_swing_v": {
      "measured": 1.79062,
      "target": ">1.2",
      "met": true,
      "score": 1.0,
      "unit": "V"
    },
    "cmrr_db": {
      "measured": 84.5085,
      "target": ">60",
      "met": true,
      "score": 1.0,
      "unit": "dB"
    }
  },
  "parameters": {
    "Cc": 20.303466160762206,
    "Ibias": 3.125213679781978e-05,
    "L1": 2.7061838576984782,
    "L3": 1.1190361145919532,
    "L5": 1.9823360441171483,
    "L6": 0.31635765492159074,
    "L7": 4.094459246508341,
    "Lbn": 4.553129819069363,
    "Lbp": 0.9842626955989088,
    "Rc": 21495.308193240184,
    "W1": 13.365488365938816,
    "W3": 56.78238054033793,
    "W5": 12.729450784692602,
    "W6": 19.150734537655346,
    "W7": 43.01874391634796,
    "Wbn": 67.79632425491519,
    "Wbp": 14.448562692615662
  },
  "de_result": {
    "converged": false,
    "iterations": 50,
    "diversity": 0.11376670261275548,
    "stop_reason": "max_iterations",
    "best_metric": -6.705742737768266
  }
}