{
  "measurements": {
    "RESULT_POWER_UW": 202.843,
    "RESULT_DC_GAIN_DB": 64.4811,
    "RESULT_GBW_HZ": 12534000.0,
    "RESULT_CMRR_DB": 87.7769,
    "RESULT_OUTPUT_SWING_V": 1.79134,
    "RESULT_PHASE_MARGIN_DEG": 100.61186554499851,
    "RESULT_GBW_HZ_UNWRAP": 12530863.594320398
  },
  "score": 159.00957684833284,
  "all_met": true,
  "specs_met": 6,
  "trials": 60,
  "elapsed": 322.5063352584839
}