{
  "measurements": {
    "Doing analysis at TEMP": 27.0,
    "RESULT_POWER_UW": 138.429,
    "dc_gain_db": 68.5475,
    "RESULT_DC_GAIN_DB": 68.5475,
    "gbw_hz": 15544700.0,
    "RESULT_GBW_HZ": 15544700.0,
    "cm_gain_db": -14.6377,
    "RESULT_CMRR_DB": 83.1852,
    "vout_max": 1.78864,
    "vout_min": 1.8622e-08,
    "RESULT_OUTPUT_SWING_V": 1.78864,
    "RESULT_PHASE_MARGIN_DEG": 120.2402238108865
  },
  "score": 1.0,
  "details": {
    "dc_gain_db": {
      "measured": 68.5475,
      "target": ">60",
      "met": true,
      "score": 1.0,
      "unit": "dB"
    },
    "gbw_hz": {
      "measured": 15544700.0,
      "target": ">5e6",
      "met": true,
      "score": 1.0,
      "unit": "Hz"
    },
    "phase_margin_deg": {
      "measured": 120.2402238108865,
      "target": ">60",
      "met": true,
      "score": 1.0,
      "unit": "deg"
    },
    "power_uw": {
      "measured": 138.429,
      "target": "<1000",
      "met": true,
      "score": 1.0,
      "unit": "uW"
    },
    "output_swing_v": {
      "measured": 1.78864,
      "target": ">1.2",
      "met": true,
      "score": 1.0,
      "unit": "V"
    },
    "cmrr_db": {
      "measured": 83.1852,
      "target": ">60",
      "met": true,
      "score": 1.0,
      "unit": "dB"
    }
  },
  "parameters": {
    "Cc": 12.89246231315329,
    "Ibias": 1.1442498156014208e-05,
    "L1": 0.9499744372925291,
    "L3": 0.7945223449052868,
    "L5": 2.2938375584962447,
    "L6": 0.5167326346243848,
    "L7": 0.20172788345952386,
    "Lbn": 0.9124676922571409,
    "Lbp": 2.0562204843324983,
    "Rc": 9638.797260743919,
    "W1": 15.275889612311241,
    "W3": 28.497112828829664,
    "W5": 36.163212214781666,
    "W6": 53.577255046414955,
    "W7": 48.108557890647575,
    "Wbn": 14.282411558169839,
    "Wbp": 38.58804920682961
  },
  "de_result": {
    "converged": false,
    "iterations": 50,
    "diversity": 0.174390780739025,
    "stop_reason": "max_iterations",
    "best_metric": -6.699493166666667
  }
}