{
  "measurements": {
    "Doing analysis at TEMP": 27.0,
    "RESULT_POWER_UW": 163.423,
    "dc_gain_db": 82.2083,
    "RESULT_DC_GAIN_DB": 82.2083,
    "gbw_hz": 10542400.0,
    "RESULT_GBW_HZ": 10542400.0,
    "cm_gain_db": -0.268697,
    "RESULT_CMRR_DB": 82.477,
    "vout_max": 1.78279,
    "vout_min": 6.52799e-09,
    "RESULT_OUTPUT_SWING_V": 1.78279,
    "RESULT_PHASE_MARGIN_DEG": 128.90532836925604
  },
  "score": 1.0,
  "details": {
    "dc_gain_db": {
      "measured": 82.2083,
      "target": ">60",
      "met": true,
      "score": 1.0,
      "unit": "dB"
    },
    "gbw_hz": {
      "measured": 10542400.0,
      "target": ">5e6",
      "met": true,
      "score": 1.0,
      "unit": "Hz"
    },
    "phase_margin_deg": {
      "measured": 128.90532836925604,
      "target": ">60",
      "met": true,
      "score": 1.0,
      "unit": "deg"
    },
    "power_uw": {
      "measured": 163.423,
      "target": "<1000",
      "met": true,
      "score": 1.0,
      "unit": "uW"
    },
    "output_swing_v": {
      "measured": 1.78279,
      "target": ">1.2",
      "met": true,
      "score": 1.0,
      "unit": "V"
    },
    "cmrr_db": {
      "measured": 82.477,
      "target": ">60",
      "met": true,
      "score": 1.0,
      "unit": "dB"
    }
  },
  "parameters": {
    "Cc": 21.706014008685226,
    "Ibias": 1.971456688622028e-05,
    "L1": 5.857301456262782,
    "L3": 0.9849995209488203,
    "L5": 3.4746625978231367,
    "L6": 0.42870893598995435,
    "L7": 4.1336909653590075,
    "Lbn": 2.931300497785754,
    "Lbp": 6.056733206416931,
    "Rc": 18015.568350189365,
    "W1": 16.523349841326578,
    "W3": 14.702552969029334,
    "W5": 14.354938820577173,
    "W6": 27.035655460049032,
    "W7": 65.7708645601801,
    "Wbn": 23.56450044666843,
    "Wbp": 65.4016316267662
  },
  "de_result": {
    "converged": false,
    "iterations": 50,
    "diversity": 0.14924696546083827,
    "stop_reason": "max_iterations",
    "best_metric": -7.098246333333334
  }
}