{
  "measurements": {
    "Doing analysis at TEMP": 27.0,
    "RESULT_POWER_UW": 619.68,
    "dc_gain_db": 64.7424,
    "RESULT_DC_GAIN_DB": 64.7424,
    "gbw_hz": 10694600.0,
    "RESULT_GBW_HZ": 10694600.0,
    "cm_gain_db": -1.58736,
    "RESULT_CMRR_DB": 66.3298,
    "vout_max": 1.70806,
    "vout_min": 2.14827e-09,
    "RESULT_OUTPUT_SWING_V": 1.70806,
    "RESULT_PHASE_MARGIN_DEG": 61.68875866334706
  },
  "score": 1.0,
  "details": {
    "dc_gain_db": {
      "measured": 64.7424,
      "target": ">60",
      "met": true,
      "score": 1.0,
      "unit": "dB"
    },
    "gbw_hz": {
      "measured": 10694600.0,
      "target": ">5e6",
      "met": true,
      "score": 1.0,
      "unit": "Hz"
    },
    "phase_margin_deg": {
      "measured": 61.68875866334706,
      "target": ">60",
      "met": true,
      "score": 1.0,
      "unit": "deg"
    },
    "power_uw": {
      "measured": 619.68,
      "target": "<1000",
      "met": true,
      "score": 1.0,
      "unit": "uW"
    },
    "output_swing_v": {
      "measured": 1.70806,
      "target": ">1.2",
      "met": true,
      "score": 1.0,
      "unit": "V"
    },
    "cmrr_db": {
      "measured": 66.3298,
      "target": ">60",
      "met": true,
      "score": 1.0,
      "unit": "dB"
    }
  },
  "parameters": {
    "Cc": 1.4870552438079432,
    "Ibias": 8.437352201439357e-05,
    "L1": 0.9877244519321656,
    "L3": 1.619013348782814,
    "L5": 0.95811817527017,
    "L6": 0.6271816568415439,
    "L7": 0.25897801874145104,
    "Lbn": 1.4466473975792298,
    "Lbp": 1.4533351848995986,
    "Lc": 1.1766022353229526,
    "Rc": 1300.8872266265225,
    "W1": 8.295101978901918,
    "W3": 6.65092254093383,
    "W5": 3.852295840787086,
    "W6": 31.861728662154288,
    "W7": 17.46752051416066,
    "Wbn": 24.478259390186746,
    "Wbp": 4.450252253836632,
    "Wc": 43.14322354155372
  },
  "de_result": {
    "converged": false,
    "iterations": 50,
    "diversity": 0.19183907658865196,
    "stop_reason": "max_iterations",
    "best_metric": -3.525423622111569
  }
}