{
  "measurements": {
    "Doing analysis at TEMP": 27.0,
    "RESULT_POWER_UW": 206.554,
    "dc_gain_db": 72.336,
    "RESULT_DC_GAIN_DB": 72.336,
    "gbw_hz": 19841900.0,
    "RESULT_GBW_HZ": 19841900.0,
    "cm_gain_db": -17.8931,
    "RESULT_CMRR_DB": 90.2291,
    "vout_max": 1.77428,
    "vout_min": 1.44819e-09,
    "RESULT_OUTPUT_SWING_V": 1.77428,
    "RESULT_PHASE_MARGIN_DEG": 122.52832002744705
  },
  "score": 1.0,
  "details": {
    "dc_gain_db": {
      "measured": 72.336,
      "target": ">60",
      "met": true,
      "score": 1.0,
      "unit": "dB"
    },
    "gbw_hz": {
      "measured": 19841900.0,
      "target": ">5e6",
      "met": true,
      "score": 1.0,
      "unit": "Hz"
    },
    "phase_margin_deg": {
      "measured": 122.52832002744705,
      "target": ">60",
      "met": true,
      "score": 1.0,
      "unit": "deg"
    },
    "power_uw": {
      "measured": 206.554,
      "target": "<1000",
      "met": true,
      "score": 1.0,
      "unit": "uW"
    },
    "output_swing_v": {
      "measured": 1.77428,
      "target": ">1.2",
      "met": true,
      "score": 1.0,
      "unit": "V"
    },
    "cmrr_db": {
      "measured": 90.2291,
      "target": ">60",
      "met": true,
      "score": 1.0,
      "unit": "dB"
    }
  },
  "parameters": {
    "Cc": 4.666438318258835,
    "Ibias": 9.994908928225167e-06,
    "L1": 1.581460082846346,
    "L3": 0.7584988025913545,
    "L5": 6.136897796674807,
    "L6": 0.2271294623935909,
    "L7": 0.6024717596860268,
    "Lbn": 1.2707119177958432,
    "Lbp": 0.8751213437062734,
    "Rc": 11819.031100938728,
    "W1": 25.694791499854123,
    "W3": 27.045780070413894,
    "W5": 37.11073880050474,
    "W6": 22.03615914749874,
    "W7": 62.66244487173147,
    "Wbn": 11.3338149287469,
    "Wbp": 28.995138011623094
  },
  "de_result": {
    "converged": false,
    "iterations": 50,
    "diversity": 0.13806013456437163,
    "stop_reason": "max_iterations",
    "best_metric": -6.823037333333334
  }
}