{
  "measurements": {
    "Doing analysis at TEMP": 27.0,
    "RESULT_POWER_UW": 131.954,
    "dc_gain_db": 82.2559,
    "RESULT_DC_GAIN_DB": 82.2559,
    "gbw_hz": 10736500.0,
    "RESULT_GBW_HZ": 10736500.0,
    "cm_gain_db": 7.00717,
    "RESULT_CMRR_DB": 75.2487,
    "vout_max": 1.78338,
    "vout_min": 8.41415e-09,
    "RESULT_OUTPUT_SWING_V": 1.78338,
    "RESULT_PHASE_MARGIN_DEG": 117.68821821178267
  },
  "score": 1.0,
  "details": {
    "dc_gain_db": {
      "measured": 82.2559,
      "target": ">60",
      "met": true,
      "score": 1.0,
      "unit": "dB"
    },
    "gbw_hz": {
      "measured": 10736500.0,
      "target": ">5e6",
      "met": true,
      "score": 1.0,
      "unit": "Hz"
    },
    "phase_margin_deg": {
      "measured": 117.68821821178267,
      "target": ">60",
      "met": true,
      "score": 1.0,
      "unit": "deg"
    },
    "power_uw": {
      "measured": 131.954,
      "target": "<1000",
      "met": true,
      "score": 1.0,
      "unit": "uW"
    },
    "output_swing_v": {
      "measured": 1.78338,
      "target": ">1.2",
      "met": true,
      "score": 1.0,
      "unit": "V"
    },
    "cmrr_db": {
      "measured": 75.2487,
      "target": ">60",
      "met": true,
      "score": 1.0,
      "unit": "dB"
    }
  },
  "parameters": {
    "Cc": 13.80395491777326,
    "Ibias": 1.663541214549697e-05,
    "L1": 3.9698758879238474,
    "L3": 1.2517036216277015,
    "L5": 3.8225947583981084,
    "L6": 0.3546170478947283,
    "L7": 5.064009771363463,
    "Lbn": 1.9550578324771295,
    "Lbp": 4.580222017824639,
    "Rc": 18048.250437445044,
    "W1": 15.149978746286017,
    "W3": 36.0577404843563,
    "W5": 8.194895199966966,
    "W6": 16.115634351342926,
    "W7": 24.41385175930609,
    "Wbn": 6.339248228938044,
    "Wbp": 6.7954100776829485
  },
  "de_result": {
    "converged": false,
    "iterations": 50,
    "diversity": 0.10978318558013697,
    "stop_reason": "max_iterations",
    "best_metric": -6.950242940392757
  }
}